[
  {
    "id": "CL001",
    "name": "TechMart Solutions",
    "industry": "E-Commerce",
    "contactPerson": "John Martinez",
    "email": "john.martinez@techmart.com",
    "phone": "+1 (555) 123-4567",
    "projects": ["PRJ001"],
    "totalValue": 85000,
    "since": "2024-02-15"
  },
  {
    "id": "CL002",
    "name": "MediCare Systems",
    "industry": "Healthcare",
    "contactPerson": "Sarah Johnson",
    "email": "sarah.johnson@medicare.com",
    "phone": "+1 (555) 234-5678",
    "projects": ["PRJ002"],
    "totalValue": 120000,
    "since": "2024-08-20"
  },
  {
    "id": "CL003",
    "name": "SecureBank Corp",
    "industry": "Finance",
    "contactPerson": "Michael Chen",
    "email": "michael.chen@securebank.com",
    "phone": "+1 (555) 345-6789",
    "projects": ["PRJ003"],
    "totalValue": 95000,
    "since": "2023-11-10"
  },
  {
    "id": "CL004",
    "name": "DataInsight Inc",
    "industry": "Technology",
    "contactPerson": "Emma Wilson",
    "email": "emma.wilson@datainsight.com",
    "phone": "+1 (555) 456-7890",
    "projects": ["PRJ004"],
    "totalValue": 75000,
    "since": "2024-06-05"
  },
  {
    "id": "CL005",
    "name": "RetailPro Ltd",
    "industry": "Retail",
    "contactPerson": "David Kumar",
    "email": "david.kumar@retailpro.com",
    "phone": "+1 (555) 567-8901",
    "projects": ["PRJ005"],
    "totalValue": 65000,
    "since": "2024-05-12"
  }
]
