[
    {
        "id": "UP001",
        "name": "Tractor Booking System",
        "client": "Bishesh Deshar",
        "description": "A comprehensive booking system for tractor services with real-time tracking and payment integration.",
        "techStack": [
            "Java",
            "React",
            "MySQL",
            "Spring Boot"
        ],
        "status": "Upcoming",
        "deadline": "2025-11-10",
        "assignedTo": [
            "Sanjiv"
        ],
        "createdAt": "2025-10-01 10:00:00",
        "updatedAt": "2025-10-01 10:00:00"
    },
    {
        "id": "UP002",
        "name": "Tours and Travel Web App",
        "client": "Rahul Dewan",
        "description": "Complete travel booking platform with package management, booking system, and customer portal.",
        "techStack": [
            "Java",
            "React",
            "MongoDB",
            "Node.js"
        ],
        "status": "Upcoming",
        "deadline": "2025-11-10",
        "assignedTo": [
            "Sudip"
        ],
        "createdAt": "2025-10-01 11:00:00",
        "updatedAt": "2025-10-01 11:00:00"
    },
    {
        "name": "Ecommerce Buneko Nepal",
        "client": "Juni Dangol",
        "description": "Full-featured e-commerce platform for local Nepali products with inventory management and payment gateway.",
        "techStack": [
            "Java",
            "React",
            "PostgreSQL",
            "Spring Boot"
        ],
        "status": "Upcoming",
        "deadline": "2025-11-10",
        "assignedTo": [
            "Sudip",
            "Saurav",
            "Sudip Pradhan"
        ],
        "id": "UP003",
        "updatedAt": "2025-10-05 04:48:40",
        "createdAt": "2025-09-15 09:30:00"
    },
    {
        "id": "UP004",
        "name": "Rental System",
        "client": "Astha Karki",
        "description": "Property rental management system with tenant tracking, payment management, and maintenance scheduling.",
        "techStack": [
            "Java",
            "React",
            "MySQL",
            "Spring Boot"
        ],
        "status": "Upcoming",
        "deadline": "2025-11-10",
        "assignedTo": [
            "Saurav"
        ],
        "createdAt": "2025-10-01 12:00:00",
        "updatedAt": "2025-10-01 12:00:00"
    },
    {
        "name": "MediTrack",
        "client": "Sudesha Basnet",
        "description": "Healthcare management system for tracking patient records, appointments, and medical history.",
        "techStack": [
            "Java",
            "React",
            "PostgreSQL",
            "Spring Boot"
        ],
        "status": "Upcoming",
        "deadline": "2025-11-10",
        "assignedTo": [
            "Saurav",
            "Sudip",
            "Nischal Tamang",
            "Saurav Shrestha",
            "Sudip Pradhan"
        ],
        "id": "UP005",
        "updatedAt": "2025-10-05 04:49:02",
        "createdAt": "2025-09-20 08:45:00"
    },
    {
        "id": "UP006",
        "name": "Restaurant Management and Reservation System",
        "client": "Susmita Silwal",
        "description": "Complete restaurant management solution with table booking, menu management, and order tracking.",
        "techStack": [
            "Java",
            "React",
            "MySQL",
            "Spring Boot"
        ],
        "status": "Upcoming",
        "deadline": "2025-11-12",
        "assignedTo": [
            "Sanjiv"
        ],
        "createdAt": "2025-10-01 13:00:00",
        "updatedAt": "2025-10-01 13:00:00"
    },
    {
        "name": "Python Assignment",
        "client": "Roshan Padhikari",
        "description": "Python assignment",
        "techStack": [
            "Python"
        ],
        "status": "Under Development",
        "deadline": "2025-10-06",
        "assignedTo": [
            "Sanjiv Magar"
        ],
        "id": "UP007",
        "createdAt": "2025-10-05 04:49:33",
        "updatedAt": "2025-10-05 04:49:33"
    }
]